Keyword Text,Competition,Competition Index,Search Volume,Low Top Page Bid,High Top Page Bid
timer,LOW,0,4090000,0.25,0.89
stop watch,LOW,1,2240000,0.19,1.13
stopwatch watch,LOW,1,2240000,0.19,1.13
stop stopwatch,LOW,1,2240000,0.19,1.13
onestopwatch,LOW,1,2240000,0.19,1.13
5 minute timer,LOW,0,673000,0.14,0.71
30 minute timer,LOW,0,368000,0.15,0.64
1 minute timer,LOW,0,301000,0.12,0.36
2 minute timer,LOW,0,301000,0.13,0.56
world clock,LOW,1,301000,1.44,2.75
clock alarm clock,MEDIUM,61,301000,0.36,1.65
clock and alarm,MEDIUM,61,301000,0.36,1.65
alarm alarm clock,MEDIUM,61,301000,0.36,1.65
alarm clock alarm clock,MEDIUM,61,301000,0.36,1.65
3 minute timer,LOW,0,246000,0.17,0.59
clock with seconds,LOW,5,201000,0.10,1.47
clock tab,LOW,0,201000,0.75,2.24
timer clock,LOW,25,165000,0.54,7.11
timer with seconds,LOW,1,165000,0.01,0.59
online timer timer,LOW,0,165000,0.19,0.56
online timer online,LOW,0,165000,0.19,0.56
0nline timer,LOW,0,165000,0.19,0.56
time clock time clock,LOW,25,165000,0.54,7.11
clock time clock,LOW,25,165000,0.54,7.11
timer 10 minutes,LOW,0,135000,0.27,0.80
google timer,LOW,0,135000,0.38,1.23
exact time,LOW,0,135000,0.01,5.50
30 second timer,LOW,0,135000,0.27,0.68
time for date,LOW,0,135000,0.39,2.12
time now,LOW,0,110000,0.04,0.20
countdown clock timer,LOW,5,90500,0.14,0.49
5 min,LOW,0,90500,0.05,0.72
stopwatch timer,LOW,4,74000,0.24,1.08
stop clock timer,LOW,4,74000,0.24,1.08
world time clock,LOW,0,74000,0.28,2.75
real time,LOW,1,74000,2.53,7.96
set a timer for 10 minutes,LOW,1,74000,0.30,1.40
timer and stopwatch,LOW,4,74000,0.24,1.08
global time clock,LOW,0,74000,0.28,2.75
time and stopwatch,LOW,4,74000,0.24,1.08
stop watch and timer,LOW,4,74000,0.24,1.08
timerstopwatch,LOW,4,74000,0.24,1.08
classroom timer,LOW,2,60500,0.29,0.94
digital clock,MEDIUM,60,60500,0.19,0.95
one minute timer,LOW,0,60500,0.03,0.40
game timer,MEDIUM,44,60500,0.78,2.00
new years countdown,LOW,0,60500,0.73,0.78
10 minutes,LOW,0,60500,0.34,0.84
live timer,LOW,0,60500,0.01,3.88
clock atomic,LOW,31,60500,0.19,0.97
world clock with seconds,LOW,0,49500,0.01,1.07
online online stopwatch,LOW,0,49500,0.18,0.63
stopwatch online stopwatch,LOW,0,49500,0.18,0.63
set a timer for 30 minutes,LOW,1,49500,0.35,1.48
time right now,LOW,0,49500,,
0nline stopwatch,LOW,0,49500,0.18,0.63
online stopwatch online stopwatch,LOW,0,49500,0.18,0.63
set alarm,LOW,17,40500,0.47,1.62
date and time,LOW,1,40500,0.57,3.00
2 hour timer,LOW,0,40500,0.13,0.59
fast timer,LOW,3,40500,0.07,1.44
second minute,LOW,0,40500,,
alarm set alarm,LOW,17,40500,0.47,1.62
real time clock,LOW,1,33100,0.01,4.40
world time,LOW,2,33100,0.92,2.75
10 second timer,LOW,0,33100,0.25,0.68
time and seconds,LOW,1,33100,0.01,0.65
time usa,LOW,0,33100,0.41,2.47
digital clock with seconds,LOW,4,27100,0.21,0.99
countdown timer app,LOW,2,27100,0.13,0.35
live clock with seconds,LOW,1,27100,0.01,0.02
1 hour,LOW,0,27100,0.39,0.98
2 min,LOW,0,27100,0.30,0.80
time now with seconds,LOW,1,27100,0.01,0.01
visual timer,MEDIUM,57,22200,0.24,0.67
alarm clock online,LOW,1,22200,0.45,1.55
online clock,LOW,0,22200,0.25,1.97
clock app,LOW,21,22200,0.58,1.83
two minute timer,LOW,0,22200,0.02,0.40
internet alarm clock,LOW,1,22200,0.45,1.55
digital timer,LOW,17,18100,0.28,1.06
stopwatch online,LOW,0,18100,0.16,0.63
time timer,MEDIUM,59,18100,0.27,0.84
countdown clock,LOW,14,18100,0.19,0.59
free timer,LOW,0,18100,0.18,1.17
clock timer with seconds,LOW,2,18100,0.01,1.23
minute timer,LOW,1,18100,0.21,0.86
time clock with seconds,LOW,2,18100,0.01,1.23
set time,LOW,2,18100,0.37,1.48
website stopwatch,LOW,0,18100,0.16,0.63
stopwatch web,LOW,0,18100,0.16,0.63
stopwatch watch online,LOW,0,18100,0.16,0.63
online stop watches,LOW,0,18100,0.16,0.63
fun timer,LOW,2,18100,0.22,1.20
timer in minutes,LOW,1,18100,0.21,0.86
add timer,LOW,0,18100,0.26,3.97
online sto,HIGH,73,18100,1.68,11.11
stop watch timer,LOW,11,14800,0.20,1.09
timer countdown,LOW,2,14800,0.24,0.86
30 seconds,LOW,12,14800,0.23,0.62
set a timer,LOW,2,14800,0.30,1.22
egg timers,MEDIUM,65,14800,0.18,0.57
set alarm clock,LOW,23,14800,0.39,1.40
atomic time,LOW,0,14800,0.10,1.25
stop watch time,LOW,11,14800,0.20,1.09
timer block,LOW,2,14800,0.50,7.19
countdown app,LOW,16,12100,0.12,0.28
stopwatch google,LOW,0,12100,0.09,0.55
one hour time,LOW,0,12100,0.22,0.62
new year's eve countdown,LOW,0,12100,,
global timer,LOW,0,12100,,
timer online,LOW,0,9900,0.11,1.35
timer watch,LOW,28,9900,0.42,4.27
study timer,LOW,4,9900,0.37,1.88
digital clock online,LOW,1,9900,0.26,1.66
time stopper,LOW,0,9900,0.12,0.73
timer apps,LOW,12,9900,0.41,2.74
time watcher,LOW,28,9900,0.42,4.27
timer application,LOW,12,9900,0.41,2.74
date time,LOW,0,9900,0.26,3.00
online digital timer clock,LOW,1,9900,0.26,1.66
visual timer for classroom,LOW,6,9900,0.30,0.74
2 hours,LOW,0,9900,0.31,0.94
6 min,LOW,0,9900,0.20,0.42
official time,LOW,0,9900,,
digital stopwatch,LOW,2,8100,0.22,0.78
interval timer,LOW,16,8100,0.25,1.06
time counter,LOW,2,8100,1.12,9.13
clock alarm,MEDIUM,44,8100,0.45,1.46
google clock,LOW,7,8100,0.43,1.54
time count,LOW,2,8100,1.12,9.13
time with seconds live,LOW,1,8100,0.01,0.01
8 min,LOW,0,8100,0.31,0.67
google time,LOW,0,8100,0.50,1.41
stop clock,LOW,7,6600,0.32,1.39
digital time clock,HIGH,84,6600,0.51,13.73
countdown calendar,LOW,11,6600,0.12,0.62
stopwatch clock,LOW,7,6600,0.32,1.39
clock live,LOW,1,6600,0.01,1.06
day countdown,LOW,4,6600,0.11,0.43
countdown app iphone,LOW,2,6600,0.20,0.48
timer upwards,LOW,1,6600,0.14,8.73
stopwatch and clock,LOW,7,6600,0.32,1.39
stopper clock,LOW,7,6600,0.32,1.39
10 seconds,LOW,0,6600,0.20,0.44
play timer,LOW,2,6600,0.56,8.78
timer clock digital,HIGH,84,6600,0.51,13.73
correct time,LOW,0,6600,0.36,20.00
time live,LOW,0,6600,0.01,1.04
digital timer clock,HIGH,75,5400,0.26,1.26
digital countdown clock,MEDIUM,56,5400,0.27,1.53
big clock,HIGH,72,5400,0.26,2.52
digital countdown timer,MEDIUM,60,5400,0.23,0.92
multi timer,LOW,6,5400,0.18,0.84
real time clock with seconds,LOW,1,5400,0.01,0.01
race timer,LOW,3,5400,0.36,3.50
elapsed timer,LOW,0,5400,0.15,0.77
clock time app,MEDIUM,36,5400,3.71,28.41
alarm google,LOW,4,5400,0.54,1.56
digital clock with countdown timer,MEDIUM,56,5400,0.27,1.53
digital clock and timer,HIGH,75,5400,0.26,1.26
set alarm for 1 hour,LOW,12,5400,0.51,1.43
4 hours,LOW,0,5400,0.27,0.93
world clock live,LOW,0,5400,0.23,1.33
set alarm for,LOW,3,5400,0.40,1.59
classroom timer online,LOW,0,4400,0.46,1.90
timer clock online,LOW,10,4400,2.77,19.32
free countdown timer,LOW,10,4400,0.15,0.46
countdown timer online,LOW,0,4400,0.23,1.30
countdown widget,LOW,21,4400,0.12,0.49
world clock digital,LOW,29,4400,0.35,2.75
12 hour timer,LOW,2,4400,0.44,1.17
countdown to date,LOW,2,4400,0.11,0.36
clock with second hand,LOW,21,4400,0.20,1.31
stopwatch timer online,LOW,0,4400,0.16,1.06
interactive clock,LOW,0,4400,0.76,2.50
live clock with seconds and date,LOW,1,4400,0.01,1.08
live time clock,LOW,0,4400,0.01,0.02
stop clock timer online,LOW,0,4400,0.16,1.06
timer and stopwatch online,LOW,0,4400,0.16,1.06
stop watch online timer,LOW,0,4400,0.16,1.06
countdown clock free,LOW,10,4400,0.15,0.46
online time stopwatch,LOW,0,4400,0.16,1.06
start timer,LOW,1,4400,0.38,1.60
count up,LOW,2,4400,0.60,38.47
counter up,LOW,2,4400,0.60,38.47
countdown timer to date,LOW,2,4400,0.11,0.36
countdown clock widget,LOW,21,4400,0.12,0.49
online class timer,LOW,0,4400,0.46,1.90
timer com,LOW,2,4400,1.14,10.16
timer stop watch online,LOW,0,4400,0.16,1.06
count up timer,LOW,9,3600,0.34,0.94
big timer,LOW,6,3600,0.42,7.00
running timer,LOW,2,3600,0.29,1.38
word clock,MEDIUM,37,3600,0.27,1.92
simple timer,LOW,8,3600,0.29,1.90
google clock app,LOW,7,3600,0.65,1.87
my alarm clock,LOW,23,3600,0.45,1.60
5 minute countdown,LOW,1,3600,0.24,1.30
time set,LOW,4,3600,0.29,1.24
track timer online,LOW,24,3600,1.03,8.05
set my alarm,LOW,32,3600,0.56,1.87
live countdown,LOW,0,3600,,
clock with milliseconds,LOW,0,3600,,
my clock alarm,LOW,23,3600,0.45,1.60
clock app google,LOW,7,3600,0.65,1.87
google stopper,LOW,0,3600,0.38,1.25
small timer,MEDIUM,51,2900,0.22,0.58
big digital clock,HIGH,100,2900,0.28,5.06
large digital clock,HIGH,100,2900,0.28,5.06
countdown clock online,LOW,1,2900,0.09,0.64
cool clock,HIGH,100,2900,0.23,0.90
set clock,LOW,9,2900,0.46,1.58
time taker,LOW,1,2900,0.02,0.69
phone timer,LOW,3,2900,0.36,1.23
real clock,LOW,7,2900,0.21,20.00
start stop watch,LOW,3,2900,0.25,1.04
start stopwatch,LOW,3,2900,0.25,1.04
start stop clock,LOW,3,2900,0.25,1.04
time check,LOW,1,2900,1.91,20.00
number timer,LOW,1,2900,0.09,0.39
right time,LOW,13,2900,0.42,4.85
watch counting,LOW,1,2900,0.77,3.26
us clock,LOW,1,2900,0.27,1.51
make timer,LOW,8,2900,0.20,2.05
countdown clock for new years,LOW,0,2900,,
stopwatch app,LOW,13,2400,0.20,1.49
large clock,HIGH,100,2400,0.32,0.92
global clock,LOW,1,2400,1.42,2.75
round clock,HIGH,100,2400,0.30,1.02
clock watch,MEDIUM,38,2400,0.65,2.09
show me a clock,HIGH,83,2400,0.25,0.93
hand clock,MEDIUM,66,2400,0.12,1.17
tell the time clock,HIGH,98,2400,0.33,1.18
timer online free,LOW,0,2400,0.12,0.52
stop clock app,LOW,13,2400,0.20,1.49
cool timers,LOW,8,2400,0.19,0.62
time widget,LOW,2,2400,0.15,1.15
game clock,LOW,8,2400,0.31,2.00
stopwatch application,LOW,13,2400,0.20,1.49
open timer,LOW,3,2400,0.87,6.75
counter seconds,LOW,1,2400,0.01,0.59
free online time,LOW,0,2400,0.12,0.52
accurate time,LOW,1,2400,0.01,20.00
time online free,LOW,0,2400,0.12,0.52
non digital clock,HIGH,100,2400,0.25,0.88
the time right now,LOW,0,2400,0.01,20.00
alarm online,LOW,0,1900,0.79,24.00
countdown app free,LOW,30,1900,0.13,0.35
5 sec,LOW,0,1900,,
timer alarm clock,MEDIUM,39,1900,0.36,1.19
clock with minutes,HIGH,93,1900,0.45,1.20
set alarm clock on my phone,LOW,21,1900,0.35,1.24
visual timer online,LOW,0,1900,,
create a countdown,LOW,2,1900,0.11,0.37
stop watch timer online,LOW,0,1900,,
5 minute countdown timer,LOW,0,1900,0.22,0.74
automatic clock,HIGH,100,1900,0.16,0.60
countdown website,LOW,1,1900,0.96,3.77
countdown maker,LOW,2,1900,0.11,0.37
timer clock with alarm,MEDIUM,39,1900,0.36,1.19
clock with alarm and timer,MEDIUM,39,1900,0.36,1.19
live timer countdown,LOW,1,1900,,
countdown page,LOW,1,1900,0.96,3.77
real life timer,LOW,0,1900,0.01,4.40
countclock,LOW,5,1900,0.22,1.03
alarm timer,LOW,12,1600,0.28,1.27
free alarm clock,LOW,23,1600,0.40,1.66
timer display,LOW,7,1600,0.14,1.08
visual countdown timer,MEDIUM,48,1600,0.25,0.73
accurate clock,LOW,1,1600,0.85,20.00
alarm clock online free,LOW,1,1600,0.43,1.47
time display,LOW,7,1600,0.14,1.08
atomic time clock,LOW,11,1600,0.49,3.75
countdown timer for website,LOW,6,1600,0.93,3.29
open clock app,LOW,25,1600,0.45,1.52
customizable clock,HIGH,100,1600,0.44,2.69
onscreen timer,LOW,0,1600,0.66,1.94
timer video,LOW,2,1600,0.50,2.54
countdown clock for website,LOW,6,1600,0.93,3.29
set an alarm for 2 hours,LOW,13,1600,0.57,1.67
set alarm for 2 hours,LOW,13,1600,0.57,1.67
hour clock,LOW,6,1600,0.23,3.67
clock right now,LOW,0,1600,,
real world clock,LOW,0,1600,,
timer stop watch,LOW,8,1600,0.32,1.36
full screen countdown timer,LOW,1,1300,0.21,0.73
classroom clock,MEDIUM,50,1300,0.34,3.76
silent timer,LOW,20,1300,0.22,0.73
digital clock display,MEDIUM,49,1300,0.27,3.48
internet time,LOW,0,1300,0.26,14.03
stopwatch timer clock,MEDIUM,36,1300,0.28,1.02
learning clock,HIGH,99,1300,0.28,1.02
show clock,MEDIUM,38,1300,0.41,1.11
digital timer online,LOW,0,1300,0.70,33.47
time website,LOW,1,1300,0.07,7.03
timer with sound,LOW,3,1300,0.26,1.05
stopwatch for study,LOW,15,1300,0.16,0.90
fun clock,HIGH,95,1300,0.22,0.83
set a stopwatch,LOW,4,1300,0.33,0.81
internet timer,LOW,0,1300,0.26,14.03
stopwatch timer google,LOW,0,1300,0.23,0.92
n timer,LOW,0,1300,,
timer stopwatch google,LOW,0,1300,0.23,0.92
time clock electronic,HIGH,100,1300,7.00,41.40
digital time clock online,LOW,0,1300,0.70,33.47
time starter,LOW,1,1300,0.84,6.81
time start,LOW,1,1300,0.84,6.81
timer starter,LOW,1,1300,0.84,6.81
timer web,LOW,1,1300,0.07,7.03
digital timer website,LOW,0,1300,0.70,33.47
reverse timer,LOW,26,1300,0.36,4.65
classroom timers free,LOW,0,1300,0.25,2.00
digital timer for classroom,MEDIUM,57,1300,0.24,0.51
interactive alarm clock,LOW,22,1300,0.31,1.40
running clock,LOW,6,1300,0.37,6.33
minute countdown,LOW,0,1300,0.18,1.17
timer go,LOW,0,1300,0.32,9.18
countdown on iphone,LOW,18,1300,0.41,0.49
clock site,LOW,1,1300,0.43,7.46
lap time,LOW,25,1300,0.32,1.38
clock set alarm,LOW,32,1300,0.41,1.53
clock time now,LOW,1,1300,1.42,20.00
system time clock,HIGH,100,1300,12.28,57.34
dates now,LOW,0,1300,,
set stop watch,LOW,4,1300,0.33,0.81
time timer watch,HIGH,69,1000,0.34,0.92
talking clock,HIGH,100,1000,0.14,0.47
timer tool,MEDIUM,34,1000,0.32,1.91
clock with date and time,HIGH,95,1000,0.20,0.66
start watch,HIGH,95,1000,0.27,1.45
clock and timer,MEDIUM,45,1000,0.40,1.70
teacher timer,LOW,19,1000,0.29,1.25
visual time timer,MEDIUM,48,1000,0.29,0.84
time timer visual timer,MEDIUM,48,1000,0.29,0.84
online timer tools,LOW,0,1000,,
create a countdown clock,LOW,4,1000,0.11,0.57
find timer,LOW,9,1000,0.65,6.88
international time,LOW,0,1000,0.17,1.26
time time clock,MEDIUM,45,1000,0.40,1.70
time tools,MEDIUM,34,1000,0.32,1.91
make a countdown,LOW,4,1000,0.11,0.57
date time clock,HIGH,95,1000,0.20,0.66
set an alarm for an hour,LOW,9,1000,0.44,1.60
date countdown app,LOW,2,1000,0.12,0.35
countdown generator,LOW,2,1000,0.22,1.43
clock now,LOW,0,1000,20.00,20.00
time clock time,MEDIUM,45,1000,0.40,1.70
watch with timer,HIGH,100,880,0.21,1.05
time timer app,LOW,3,880,0.13,1.56
online time clock free,MEDIUM,36,880,2.79,12.42
holiday countdown,LOW,1,880,,
study clock,LOW,11,880,0.29,0.73
internet clock,LOW,7,880,0.26,2.92
countdown video,LOW,20,880,0.75,2.72
timer website,LOW,1,880,0.12,1.97
online countdown,LOW,0,880,,
atomic clock online,LOW,2,880,,
accurate time clock,LOW,3,880,1.18,20.00
timer clock online free,MEDIUM,36,880,2.79,12.42
stopwatch online free,LOW,0,880,0.11,1.88
online timer in seconds,LOW,0,880,,
give me a timer,LOW,2,880,0.40,1.02
online timer website,LOW,0,880,,
stopwatch windows,LOW,0,880,,
clock on home screen,LOW,17,880,0.23,1.32
timer webpage,LOW,1,880,0.12,1.97
clock with minutes and seconds,LOW,27,880,0.01,0.76
official time clock,LOW,1,880,,
teacher clock,HIGH,97,880,0.25,0.90
english timer,LOW,1,880,,
precise time,LOW,9,880,0.62,20.00
set my alarm clock,MEDIUM,43,880,0.58,2.09
show me the time,LOW,2,880,0.38,1.52
real time now,LOW,1,880,0.01,20.00
online stop watch com,LOW,0,880,,
www stopwatch com online,LOW,0,880,,
large timer,MEDIUM,52,720,0.27,2.34
countdown clock app,LOW,26,720,0.13,0.37
loud timer,MEDIUM,38,720,0.23,1.02
display clock,LOW,25,720,0.22,1.09
visual clock,MEDIUM,65,720,0.26,0.55
free stopwatch,LOW,4,720,0.20,1.26
online stopwatch countdown,LOW,0,720,,
online stopwatch timer countdown,LOW,0,720,,
moving clock,MEDIUM,58,720,0.22,0.79
online stopwatch countdown clock,LOW,0,720,,
screen clock,LOW,8,720,0.36,1.45
watch stopper,LOW,3,720,,
free stop clock,LOW,4,720,0.20,1.26
learn the time clock,HIGH,99,720,0.35,1.07
online watch,MEDIUM,64,720,0.33,1.67
free countdown widget,LOW,22,720,0.14,0.35
interval timer online,LOW,1,720,0.35,1.03
timer generator,LOW,0,720,,
countdown timer on iphone,LOW,2,720,0.49,0.49
time and seconds right now,LOW,1,720,,
real life clock,LOW,1,720,,
time in real time,LOW,1,720,0.01,20.00
time right now clock,LOW,1,720,4.40,20.00
clock with screen,LOW,8,720,0.36,1.45
widget countdown free,LOW,22,720,0.14,0.35
online time keeper,LOW,24,590,7.83,34.66
desktop timer,MEDIUM,44,590,0.26,1.19
timer download,LOW,5,590,0.38,1.35
stopwatch download,LOW,6,590,0.39,2.41
spot watch,LOW,0,590,,
visual timer clock,HIGH,100,590,0.21,0.49
date and time display,LOW,9,590,0.12,1.14
free alarm,LOW,16,590,0.36,1.72
free clock,LOW,9,590,0.42,1.91
custom timers,LOW,15,590,0.51,3.14
set up alarm,LOW,22,590,0.56,1.96
open stopwatch,LOW,6,590,0.31,1.00
www online stopwatch,LOW,0,590,,
black timer,LOW,5,590,0.35,0.80
online stopwatch full screen,LOW,0,590,,
study with me io,LOW,2,590,1.20,7.53
interactive timer,LOW,1,590,,
timer clock free,LOW,15,590,3.18,13.60
custom countdown,LOW,9,590,0.48,1.85
loud alarm clock online,LOW,4,590,0.39,1.53
open alarm clock,MEDIUM,34,590,0.48,1.59
the real time,LOW,0,590,,
open my alarm,LOW,15,590,0.49,1.37
a stopwatch,LOW,7,590,0.16,0.96
www online stop watch com,LOW,0,590,,
free timer app,LOW,15,480,0.41,1.98
classroom stopwatch,LOW,2,480,,
large stopwatch,MEDIUM,43,480,0.22,1.40
chronometer online,LOW,0,480,,
timer app windows,LOW,4,480,1.16,4.63
egg timer online,LOW,1,480,,
countdown stopwatch,LOW,20,480,0.23,0.89
digital clock for desktop,MEDIUM,56,480,0.21,0.56
big clock online,LOW,1,480,,
big stopwatch,MEDIUM,43,480,0.22,1.40
clock with date,HIGH,91,480,0.19,0.80
clock system,HIGH,100,480,13.02,55.00
shareable countdown timer,LOW,5,480,0.13,0.98
stopwatch with seconds,LOW,2,480,,
countdown and stopwatch,LOW,20,480,0.23,0.89
stopwatch countdown timer,LOW,32,480,0.28,0.76
chronometer watch online,LOW,0,480,,
stop clock countdown,LOW,20,480,0.23,0.89
slow timer,LOW,0,480,,
iphone countdown widget free,LOW,14,480,0.13,0.35
regular clock,HIGH,97,480,0.63,2.02
big stop clock,MEDIUM,43,480,0.22,1.40
precise clock,LOW,7,480,0.24,20.00
interactive clock online,LOW,1,480,1.08,1.75
watch with seconds,MEDIUM,43,480,0.01,1.60
10 minute timer video,LOW,1,480,1.42,2.63
5 minute timer video,LOW,1,480,0.41,1.47
set me an alarm,LOW,20,480,0.62,2.05
time io,LOW,1,480,0.44,1.32
the alarm clock,LOW,29,480,0.52,1.97
best clock app,LOW,1,480,0.93,1.69
large countdown timer,HIGH,93,390,0.37,2.35
large timer for classroom,HIGH,100,390,0.24,0.67
electronic timer,HIGH,99,390,0.26,1.31
large timer clock,HIGH,74,390,0.28,2.25
presentation timer,MEDIUM,50,390,0.28,1.09
digital stop clock,HIGH,100,390,0.23,2.18
now clock,HIGH,100,390,0.22,0.67
digital alarm,MEDIUM,65,390,0.16,2.05
big clock on screen,LOW,6,390,0.07,0.13
time clock counter,LOW,8,390,1.39,6.15
study timer app,LOW,4,390,0.51,2.80
big clock timer,HIGH,74,390,0.28,2.25
multiple timer app,LOW,9,390,0.19,1.13
alarm website,LOW,0,390,,
digital stopwatch clock,HIGH,100,390,0.23,2.18
stop a timer,LOW,0,390,,
stopwatch google timer,LOW,0,390,,
hour stopwatch,LOW,23,390,0.39,0.47
mini timers,HIGH,99,390,0.22,0.70
hold timer,LOW,0,390,,
date and time stopwatch,LOW,0,390,,
big countdown timer,HIGH,93,390,0.37,2.35
digital clock for classroom,HIGH,99,390,0.25,3.93
timer for presentations,MEDIUM,50,390,0.28,1.09
stream timer,LOW,3,390,0.39,1.64
play clock,LOW,10,390,0.42,4.22
countdown free,LOW,15,390,0.14,0.40
automatic time clocks,HIGH,100,390,3.42,28.56
class clock,LOW,6,390,1.89,9.49
add alarm,LOW,6,390,0.55,2.07
learn how to tell time on a clock,HIGH,94,390,0.33,1.39
time real,LOW,1,390,0.01,20.00
clock app for phone,LOW,9,390,0.55,1.61
stopwatchwatch,HIGH,87,390,0.25,1.12
timer clock for study,LOW,27,320,0.25,1.07
electronic clock,HIGH,100,320,0.24,1.19
clock app for windows,LOW,1,320,,
online stopper,LOW,0,320,,
hand timer,MEDIUM,42,320,0.28,0.66
5 minute countdown video download,LOW,1,320,0.42,1.58
stop watch clock,MEDIUM,45,320,0.15,0.73
count up clock,LOW,21,320,0.38,1.74
